name,country,admin1,country_iso_a2,latitude,longitude,population_max,is_capital,is_megacity
Vatican City,Vatican,Lazio,VA,41.903282,12.453387,832,1,0
San Marino,San Marino,,SM,43.936096,12.44177,29579,1,0
Vaduz,Liechtenstein,,LI,47.133724,9.51667,36281,1,0
Lobamba,eSwatini,Manzini,SZ,-26.466668,31.199997,9782,0,0
Luxembourg,Luxembourg,Luxembourg,LU,49.61166,6.130003,107260,1,0
Palikir,Federated States of Micronesia,,FM,6.916644,158.149974,4645,1,0
Majuro,Marshall Islands,,MH,7.103004,171.38,25400,1,0
Funafuti,Tuvalu,,TV,-8.516652,179.216647,4749,1,0
Melekeok,Palau,,PW,7.487396,134.626549,7026,1,0
Bir Lehlou,Western Sahara,,EH,26.119167,-9.652522,500,0,0
Monaco,Monaco,,MC,43.739646,7.406913,36371,1,0
Tarawa,Kiribati,,KI,1.338188,173.017571,28802,1,0
Moroni,Comoros,,KM,-11.704158,43.240244,128698,1,0
Andorra,Andorra,,AD,42.500001,1.516486,53998,1,0
Port-of-Spain,Trinidad and Tobago,Port of Spain,TT,10.651997,-61.517031,294934,1,0
Kigali,Rwanda,Kigali City,RW,-1.951644,30.058586,860000,1,1
Mbabane,eSwatini,Hhohho,SZ,-26.316651,31.133335,90138,1,0
Juba,South Sudan,Central Equatoria,SS,4.829975,31.580026,111975,0,0
The Hague,Netherlands,Zuid-Holland,NL,52.080037,4.269961,1406000,0,0
Ljubljana,Slovenia,Osrednjeslovenska,SI,46.055288,14.514969,314807,1,0
Bratislava,Slovakia,Bratislavský,SK,48.150018,17.116981,423737,1,0
Doha,Qatar,Ad Dawhah,QA,25.286556,51.532968,1450000,1,0
Podgorica,Montenegro,Podgorica,ME,42.465973,19.266307,145850,1,0
Sri Jayawardenepura Kotte,Sri Lanka,Colombo,LK,6.900004,79.949993,115826,0,0
Baguio,Philippines,Benguet,PH,16.429991,120.569943,447824,0,0
Dodoma,Tanzania,Dodoma,TZ,-6.183306,35.750004,218269,0,0
Bern,Switzerland,Bern,CH,46.916683,7.466976,275329,1,0
Laayoune,Morocco,Laâyoune - Boujdour - Sakia El Hamra,MA,27.149982,-13.200006,188084,0,0
Pristina,Kosovo,Pristina,-99,42.66671,21.165984,465186,1,0
Roseau,Dominica,Saint George,DM,15.301016,-61.387013,23336,1,0
Djibouti,Djibouti,Djibouti,DJ,11.595015,43.148002,923000,1,0
Putrajaya,Malaysia,Selangor,MY,2.91402,101.701947,67964,0,0
Kyoto,Japan,Kyoto,JP,35.031938,135.748052,1805000,0,1
Banjul,The Gambia,Banjul,GM,13.453877,-16.591702,43094,1,0
Skopje,North Macedonia,Centar,MK,42.000006,21.433462,494087,1,0
Bridgetown,Barbados,Saint Michael,BB,13.102003,-59.616527,191152,1,0
Porto-Novo,Benin,Ouémé,BJ,6.483311,2.616626,300000,0,0
Bujumbura,Burundi,Bujumbura Mairie,BI,-3.376087,29.360006,331700,1,0
Kingstown,Saint Vincent and the Grenadines,,VC,13.148279,-61.212062,49485,1,0
Castries,Saint Lucia,,LC,14.001974,-61.000008,37963,1,0
Basseterre,Saint Kitts and Nevis,,KN,17.302031,-62.717009,21887,1,0
Port Louis,Mauritius,,MU,-20.166639,57.499994,595491,1,0
Saint George's,Grenada,,GD,12.052633,-61.741643,33734,1,0
Manama,Bahrain,,BH,26.236136,50.583052,563920,1,0
Saint John's,Antigua and Barbuda,,AG,17.118037,-61.850034,35499,1,0
Montevideo,Uruguay,Montevideo,UY,-34.856096,-56.172998,1513000,1,1
Lomé,Togo,Maritime,TG,6.133883,1.220811,1452000,1,1
Tunis,Tunisia,Tunis,TN,36.802778,10.179678,2412500,1,0
Abu Dhabi,United Arab Emirates,Abu Dhabi,AE,24.466684,54.366593,603492,1,0
Ashgabat,Turkmenistan,Ahal,TM,37.949995,58.383299,727700,1,0
Lusaka,Zambia,Lusaka,ZM,-15.414698,28.281382,1328000,1,1
Harare,Zimbabwe,Harare,ZW,-17.815844,31.042764,1572000,1,1
Dili,East Timor,Dili,TL,-8.559388,125.579456,234331,1,0
Port Vila,Vanuatu,Shefa,VU,-17.73335,168.316641,44040,1,0
Tegucigalpa,Honduras,Francisco Morazán,HN,14.103991,-87.219475,946000,1,1
Georgetown,Guyana,East Berbice-Corentyne,GY,6.801974,-58.167029,264350,1,0
Reykjavík,Iceland,Suðurnes,IS,64.150024,-21.950015,166212,1,0
Port-au-Prince,Haiti,Ouest,HT,18.542971,-72.33798,1998000,1,1
Kampala,Uganda,Kampala,UG,0.318605,32.581378,1420000,1,1
Paramaribo,Suriname,Paramaribo,SR,5.83503,-55.167031,254169,1,0
Niamey,Niger,Niamey,NE,13.518652,2.11471,915000,1,1
Dushanbe,Tajikistan,Tadzhikistan Territories,TJ,38.560035,68.773879,1086244,1,0
Asunción,Paraguay,Asunción,PY,-25.294457,-57.643451,1870000,1,1
Managua,Nicaragua,Managua,NI,12.154962,-86.270438,920000,1,1
Freetown,Sierra Leone,Western,SL,8.471957,-13.236162,827000,1,1
Islamabad,Pakistan,F.C.T.,PK,33.701942,73.164689,780000,1,1
Kathmandu,Nepal,Bhaktapur,NP,27.718638,85.314696,895000,1,1
Bloemfontein,South Africa,Orange Free State,ZA,-29.119994,26.229913,463064,1,0
Pretoria,South Africa,Gauteng,ZA,-25.704975,28.227483,1338000,1,1
Port Moresby,Papua New Guinea,Central,PG,-9.464708,147.192504,283733,1,0
Honiara,Solomon Islands,Guadalcanal,SB,-9.437994,159.949766,76328,1,0
Panama City,Panama,Panama,PA,8.969963,-79.534983,1281000,1,1
Rabat,Morocco,Rabat - Salé - Zemmour - Zaer,MA,34.025307,-6.836408,1705000,1,1
Chișinău,Moldova,Chisinau,MD,47.005024,28.857711,688134,1,0
Maputo,Mozambique,Maputo,MZ,-25.953332,32.587217,1446000,1,1
Mogadishu,Somalia,Banaadir,SO,2.068627,45.364732,1100000,1,1
Muscat,Oman,Muscat,OM,23.613325,58.593312,734697,1,0
Colombo,Sri Lanka,Colombo,LK,6.931966,79.857751,217000,1,0
Ulaanbaatar,Mongolia,Ulaanbaatar,MN,47.918619,106.91467,885000,1,1
Windhoek,Namibia,Khomas,NA,-22.570006,17.083546,268132,1,0
Abuja,Nigeria,Federal Capital Territory,NG,9.085279,7.531382,1576000,1,1
Bissau,Guinea Bissau,Bissau,GW,11.865024,-15.598361,403339,1,0
Amman,Jordan,Amman,JO,31.951971,35.931354,1060000,1,1
Vilnius,Lithuania,Vilniaus,LT,54.683366,25.316635,542366,1,0
Riga,Latvia,Riga,LV,56.950024,24.099965,742572,1,0
Bishkek,Kyrgyzstan,Bishkek,KG,42.875025,74.583258,837000,1,1
Maseru,Lesotho,Maseru,LS,-29.316674,27.483273,361324,1,0
Antananarivo,Madagascar,Antananarivo,MG,-18.914692,47.514678,1697000,1,1
Quito,Ecuador,Pichincha,EC,-0.213042,-78.501997,1701000,1,1
San José,Costa Rica,San José,CR,9.936958,-84.085997,1284000,1,1
San Salvador,El Salvador,San Salvador,SV,13.711948,-89.204987,1433000,1,1
Kingston,Jamaica,Kingston,JM,17.977077,-76.767434,937700,1,0
N'Djamena,Chad,Hadjer-Lamis,TD,12.115042,15.047203,989000,1,1
Malabo,Equatorial Guinea,Bioko Norte,GQ,3.750015,8.783278,155963,1,0
Asmara,Eritrea,Anseba,ER,15.333339,38.933324,620802,1,0
Zagreb,Croatia,Grad Zagreb,HR,45.800007,15.999995,722526,1,0
Tallinn,Estonia,Harju,EE,59.433877,24.728041,394024,1,0
Lilongwe,Malawi,Lilongwe,MW,-13.983295,33.783302,646750,1,0
Guatemala City,Guatemala,Guatemala,GT,14.623081,-90.528911,1024000,1,1
Libreville,Gabon,Estuaire,GA,0.385389,9.457965,578156,1,0
Suva,Fiji,Central,FJ,-18.133016,178.441707,175399,1,0
Valparaíso,Chile,Valparaíso,CL,-33.045819,-71.62296,854000,0,1
Nouakchott,Mauritania,Nouakchott,MR,18.086427,-15.97534,742144,1,0
Bamako,Mali,Bamako,ML,12.651961,-8.001985,1494000,1,1
Beirut,Lebanon,Beirut,LB,33.873921,35.507762,1846000,1,1
Tbilisi,Georgia,Tbilisi,GE,41.726956,44.78885,1100000,1,1
Nur-Sultan,Kazakhstan,Aqmola,KZ,51.181125,71.427774,345604,1,0
Vientiane,Laos,Vientiane [prefecture],LA,17.966693,102.59998,754000,1,0
Brazzaville,Congo (Brazzaville),Pool,CG,-4.25724,15.282744,1355000,1,1
Conakry,Guinea,Conakry,GN,9.533469,-13.682181,1494000,1,1
Yamoussoukro,Ivory Coast,Lacs,CI,6.818381,-5.275503,206499,1,0
Ottawa,Canada,Ontario,CA,45.418643,-75.701961,1145000,1,1
Belgrade,Serbia,Grad Beograd,RS,44.820591,20.466045,1099000,1,1
Bandar Seri Begawan,Brunei,Brunei and Muara,BN,4.883331,114.933284,296500,1,0
Sucre,Bolivia,Chuquisaca,BO,-19.040971,-65.259516,224838,1,0
Belmopan,Belize,Cayo,BZ,17.252034,-88.767073,15220,1,0
Bangui,Central African Republic,Bangui,CF,4.366644,18.558288,831925,1,0
Yaoundé,Cameroon,Centre,CM,3.868647,11.514705,1611000,1,1
Tirana,Albania,Durrës,AL,41.327541,19.818883,895350,1,0
Yerevan,Armenia,Erevan,AM,40.183097,44.511606,1102000,1,1
Baku,Azerbaijan,Baki,AZ,40.397218,49.860271,2122300,1,1
Phnom Penh,Cambodia,Phnom Penh,KH,11.551976,104.914689,1466000,1,1
La Paz,Bolivia,La Paz,BO,-16.496028,-68.151931,1590000,1,1
Cotonou,Benin,Ouémé,BJ,6.401954,2.518045,762000,1,1
Sofia,Bulgaria,Grad Sofiya,BG,42.685295,23.314708,1185000,1,1
Minsk,Belarus,Minsk,BY,53.901923,27.564681,1805000,1,1
Thimphu,Bhutan,Thimphu,BT,27.472986,89.639014,98676,1,0
Gaborone,Botswana,South-East,BW,-24.646314,25.911948,208411,1,0
Canberra,Australia,Australian Capital Territory,AU,-35.283029,149.129026,327700,1,0
Ouagadougou,Burkina Faso,Kadiogo,BF,12.372262,-1.52667,1149000,1,1
Sarajevo,Bosnia and Herzegovina,Sarajevo,BA,43.850022,18.383002,696731,1,0
Naypyidaw,Myanmar,Mandalay,MM,19.768503,96.116673,930000,1,1
Nuku'alofa,Tonga,,TO,-21.138512,-175.220565,42620,1,0
Hargeisa,Somaliland,,-99,9.560022,44.06531,477876,1,0
Victoria,Seychelles,,SC,-4.616632,55.44999,33576,1,0
São Tomé,Sao Tome and Principe,,ST,0.333402,6.733325,88219,1,0
Apia,Samoa,,WS,-13.841545,-171.738642,61916,1,0
Valletta,Malta,,MT,35.899733,14.514711,368250,1,0
Malé,Maldives,,MV,4.166708,73.499948,112927,1,0
Jerusalem,Israel,Jerusalem,IL,31.778408,35.206626,1029300,1,0
Praia,Cape Verde,,CV,14.916698,-23.516689,113364,1,0
Nassau,The Bahamas,,BS,25.08339,-77.350044,227940,1,0
Nicosia,Cyprus,,CY,35.166677,33.366635,224300,1,0
Wellington,New Zealand,Manawatu-Wanganui,NZ,-41.299988,174.783266,393400,1,0
Hanoi,Vietnam,Thái Nguyên,VN,21.035273,105.848068,4378000,1,1
Ankara,Turkey,Ankara,TR,39.929184,32.862446,3716000,1,1
Budapest,Hungary,Budapest,HU,47.501952,19.081375,1679000,1,1
Sanaa,Yemen,Amanat Al Asimah,YE,15.356679,44.204648,2008000,1,1
Bucharest,Romania,Bucharest,RO,44.435318,26.098001,1942000,1,1
Damascus,Syria,Damascus,SY,33.50198,36.29805,2466000,1,1
Lisbon,Portugal,Lisboa,PT,38.724669,-9.146812,2812000,1,1
Khartoum,Sudan,Khartoum,SD,15.590024,32.532233,4754000,1,1
Oslo,Norway,Oslo,NO,59.918636,10.748033,835000,1,1
Warsaw,Poland,Masovian,PL,52.251947,20.998054,1707000,1,1
Pyongyang,North Korea,P'yongyang,KP,39.021385,125.752745,3300000,1,1
Dar es Salaam,Tanzania,Dar-Es-Salaam,TZ,-6.798067,39.266396,2930000,1,1
Dublin,Ireland,Dublin,IE,53.335007,-6.250852,1059000,1,1
Monrovia,Liberia,Montserrado,LR,6.314582,-10.79966,1041000,1,1
Kuala Lumpur,Malaysia,Selangor,MY,3.168612,101.698037,1448000,1,1
Havana,Cuba,Ciudad de la Habana,CU,23.133905,-82.366128,2174000,1,1
Prague,Czechia,Prague,CZ,50.085283,14.464034,1162000,1,1
Kuwait City,Kuwait,Al Kuwayt,KW,29.371664,47.976355,2063000,1,1
Santo Domingo,Dominican Republic,Distrito Nacional,DO,18.472019,-69.902031,2154000,1,1
Accra,Ghana,Greater Accra,GH,5.551981,-0.218662,2121000,1,1
Tripoli,Libya,Tajura' wa an Nawahi al Arba,LY,32.8925,13.180012,2189000,1,1
Tel Aviv,Israel,Tel Aviv,IL,32.081937,34.768066,3112000,0,1
Helsinki,Finland,Southern Finland,FI,60.177509,24.932181,1115000,1,1
København,Denmark,Hovedstaden,DK,55.68051,12.56154,1085000,1,1
Abidjan,Ivory Coast,Lagunes,CI,5.321943,-4.041994,3802000,1,1
Brasília,Brazil,Distrito Federal,BR,-15.781394,-47.917998,3716996,1,1
Brussels,Belgium,Brussels,BE,50.835263,4.331371,1743000,1,1
Dhaka,Bangladesh,Dhaka,BD,23.725006,90.406634,12797394,1,1
Luanda,Angola,Luanda,AO,-8.83634,13.232481,5172900,1,1
Algiers,Algeria,Alger,DZ,36.765011,3.048607,3354000,1,1
Yangon,Myanmar,Yangon,MM,16.7853,96.164732,4088000,0,1
San Francisco,United States of America,California,US,37.769196,-122.417169,3450000,0,1
Denver,United States of America,Colorado,US,39.741134,-104.985962,2313000,0,1
Houston,United States of America,Texas,US,29.82192,-95.341925,4459000,0,1
Miami,United States of America,Florida,US,25.789557,-80.226052,5585000,0,1
Atlanta,United States of America,Georgia,US,33.83196,-84.401895,4506000,0,1
Chicago,United States of America,Illinois,US,41.831937,-87.752001,8990000,0,1
Caracas,Venezuela,Distrito Capital,VE,10.502944,-66.918983,2985000,1,1
Kyiv,Ukraine,Kiev,UA,50.435313,30.514682,2709000,1,1
Dubai,United Arab Emirates,Dubay,AE,25.231942,55.278029,1379000,0,1
Tashkent,Uzbekistan,Tashkent,UZ,41.313648,69.292987,2184000,1,1
Madrid,Spain,Comunidad de Madrid,ES,40.401972,-3.685298,5567000,1,1
Geneva,Switzerland,Genève,CH,46.210008,6.140028,1240000,0,0
Stockholm,Sweden,Stockholm,SE,59.352706,18.095389,1264000,1,1
Bangkok,Thailand,Bangkok Metropolis,TH,13.751945,100.514699,6704000,1,1
Lima,Peru,Lima,PE,-12.046067,-77.052008,8012000,1,1
Dakar,Senegal,Dakar,SN,14.717778,-17.475076,2604000,1,1
Johannesburg,South Africa,Gauteng,ZA,-26.168099,28.028064,3435000,0,1
Amsterdam,Netherlands,Noord-Holland,NL,52.351915,4.914694,1031000,1,1
Casablanca,Morocco,Grand Casablanca,MA,33.601922,-7.618313,3181000,0,1
Seoul,South Korea,Seoul,KR,37.568295,126.997785,9796000,1,1
Manila,Philippines,Metropolitan Manila,PH,14.606105,120.980271,11100000,1,1
Monterrey,Mexico,Nuevo León,MX,25.671941,-100.331931,3712000,0,1
Berlin,Germany,Berlin,DE,52.523765,13.399603,3406000,1,1
Ürümqi,China,Xinjiang Uygur,CN,43.806958,87.57306,3575000,0,1
Chengdu,China,Sichuan,CN,30.671946,104.068074,4123000,0,1
Ōsaka,Japan,Osaka,JP,34.751981,135.458199,11294000,0,1
Kinshasa,Congo (Kinshasa),Kinshasa City,CD,-4.327778,15.313026,7843000,1,1
New Delhi,India,Delhi,IN,28.600023,77.19998,317797,1,0
Bengaluru,India,Karnataka,IN,12.971941,77.558064,6787000,0,1
Athens,Greece,Attiki,GR,37.985272,23.731375,3242000,1,1
Baghdad,Iraq,Baghdad,IQ,33.340594,44.391923,5054000,1,1
Addis Ababa,Ethiopia,Addis Ababa,ET,9.035256,38.698059,3100000,1,1
Tehran,Iran,Tehran,IR,35.673889,51.422398,7873000,1,1
Vancouver,Canada,British Columbia,CA,49.275362,-123.12359,2313328,0,1
Toronto,Canada,Ontario,CA,43.701926,-79.421967,5213000,0,1
Buenos Aires,Argentina,Ciudad de Buenos Aires,AR,-34.600556,-58.399477,12795000,1,1
Kabul,Afghanistan,Kabul,AF,34.518636,69.181314,3277000,1,1
Vienna,Austria,Wien,AT,48.201961,16.364693,2400000,1,1
Melbourne,Australia,Victoria,AU,-37.818086,144.97307,4170000,0,1
Taipei,Taiwan,Taipei City,TW,25.035833,121.568333,6900273,1,1
Auckland,New Zealand,Auckland,NZ,-36.848055,174.763027,1377200,0,1
Los Angeles,United States of America,California,US,33.991924,-118.181926,12500000,0,1
"Washington,  D.C.",United States of America,District of Columbia,US,38.901495,-77.011364,4338000,1,1
New York,United States of America,New York,US,40.751925,-73.981963,19040000,0,1
London,United Kingdom,Westminster,GB,51.501941,-0.118668,8567000,1,1
Istanbul,Turkey,Istanbul,TR,41.106942,29.008056,10061000,0,1
Riyadh,Saudi Arabia,Ar Riyad,SA,24.642779,46.770796,4465000,1,1
Cape Town,South Africa,Western Cape,ZA,-33.918065,18.433042,3215000,1,1
Moscow,Russia,Moskva,RU,55.75411,37.613577,10452000,1,1
Mexico City,Mexico,Distrito Federal,MX,19.444388,-99.132934,19028000,1,1
Lagos,Nigeria,Lagos,NG,6.445208,3.389585,9466000,0,1
Rome,Italy,Lazio,IT,41.897902,12.481313,3339000,1,1
Beijing,China,Beijing,CN,39.930838,116.38634,11106000,1,1
Nairobi,Kenya,Nairobi,KE,-1.281401,36.814711,3010000,1,1
Jakarta,Indonesia,Jakarta Raya,ID,-6.172472,106.827492,9125000,1,1
Bogota,Colombia,Bogota,CO,4.598369,-74.08529,7772000,1,1
Cairo,Egypt,Al Qahirah,EG,30.051906,31.248022,11893000,1,1
Shanghai,China,Shanghai,CN,31.218398,121.434559,14987000,0,1
Tokyo,Japan,Tokyo,JP,35.686963,139.749462,35676000,1,1
Mumbai,India,Maharashtra,IN,19.018936,72.855043,18978000,0,1
Paris,France,Île-de-France,FR,48.868639,2.33139,9904000,1,1
Santiago,Chile,Región Metropolitana de Santiago,CL,-33.448068,-70.668987,5720000,1,1
Kolkata,India,West Bengal,IN,22.496915,88.32273,14787000,0,1
Rio de Janeiro,Brazil,Rio de Janeiro,BR,-22.923077,-43.226967,11748000,0,1
São Paulo,Brazil,São Paulo,BR,-23.556734,-46.626966,18845000,0,1
Sydney,Australia,New South Wales,AU,-33.918065,151.183234,4630000,0,1
Singapore,Singapore,,SG,1.294979,103.853875,5183700,1,1
Hong Kong,Hong Kong S.A.R.,,HK,22.306927,114.183064,7206000,0,1
